{
    "loss": 0.22784151136875153,
    "accuracy": 0.931034505367279
}