{
    "loss": 0.18439219892024994,
    "accuracy": 0.9396551847457886
}