{
    "loss": 0.2333383709192276,
    "accuracy": 0.9482758641242981
}