{
    "loss": 0.21221521496772766,
    "accuracy": 0.9396551847457886
}