{
    "loss": 0.23424501717090607,
    "accuracy": 0.9051724076271057
}